worker_id,bonus,wid
5ba345bcf07414000106135e,0.28,wb769699
5fb408103d1ee302680cc5a7,0.79,w6e64d0b
55bb74f1fdf99b1519ef4762,1.07,w801aa58
5d34de398f657e00150dd0d5,1.07,wc7197ac
5b129b48444cef0001cad497,0.93,w42aea8e
5fc3f1e4621804783665699f,0.72,w26a8ecf
5fcd4152945149c4d890a3f4,1.07,w1ae2107
5f07e040943fa520130a9f9b,0.86,wf27b540
5ea9fb6d7baf8116c836a9c9,0.79,wfa605ad
5ea714d0ba872d0cc55cdd79,1.12,w9fdb8c0
5a718c0eff6f2300013efab2,0.64,we1ffa32
5f471edcfc6fe910c7c9d164,0.99,w901c4d2
5deb341d35575a2547b1f85a,1.03,w960d661
5f50732850c7c600098593df,0.91,w294f5d6
5fc4f02f7af0ee058c0572b4,1.01,w466cdbb
5ee0e5063f7f190b2b3f3b14,0.83,wbb8f713
5c9ebf067114700016da2813,0.67,w00dd09e
5af23d2c5847970001e34be4,1.05,w609c74e
5b05e0d131cebe000177c38e,1.01,w86e2b17
59a88f5b321f870001d16d68,0.45,wbb086c7
5f0b34635a4ca342ed81e4d8,1.18,w0226ca6
5fa324b8b1f28d5f1590ae1c,1.15,wd2ad689
5f6ce3adf042f0110a630a0e,1.16,w069afe5
5f95ab391e3ae142d37fba01,0.89,we7634e8
5d7aa4c716c9af0019b423c6,1.18,w4baf788
5c8974ef34daa70015e92daf,0.92,w05f59dc
5eb0bbbc0be27c183500b45d,0.94,wef0dc82
5f525cd7d4ac644f3330116c,0.94,wea216ad
5f88af229bebc908b59e821c,0.93,w00c4532
5d99139757ff31001946659b,0.97,w28940da
559c3ad8fdf99b32b55f2d32,0.95,w8075db0
5c5e1a1559ec1d0001fe5afa,0.94,wc9d5aa8
5da7a2b9c1c99d00176c6ddf,1.34,w38f9437
5c672e1a23f6300001381bcc,1.06,w0ca53d5
5c32331c70d93a00012338fd,0.82,wfedb562
5d7c49ec90d1320001d7cbc7,0.97,w4c194fa
5de6fd0d2bab5267cd9c2106,0.76,w7b4639d
5a67725b63394a000155abbb,0.82,wd829fe2
5e9aa65a9d211b140b6919f7,1.17,w09027aa
5a395450a324900001af015c,1.07,wbba3089
5dd663c3cf8e7e5efc123950,1.08,w2fe6f26
5f71a67072fba6000b5cb636,0.86,wac6bac8
5f394ce53b053607008f4b74,0.86,w3fb6f9c
5fac997db63d252ba6a82a8f,0.94,wb13eaeb
5f4efbf90b8cc113d26921a4,0.94,w7625a08
5af2686097a14300017d28f0,0.41,w60ea35a
5e3f8fcc6aa9281f24577e9d,0.62,w2717313
5eaefec7c1324e5def56caf8,0.46,w0ec5e17
5f31e1295ed88c118c4cd5a2,0.95,wdc5ae23
5b5d13d25256470001bc5ef2,0.95,w8ff05c8
5f491f40c53d36421f2a6bf5,0.85,wf06ee18
5e750dcc865a9407031654cf,0.93,w2c25e99
5ef7c2973395625028f120a3,0.75,w8f607a9
5f4aeeae75b5255a2acae52d,0.96,w2ea70f4
5c00e20b6e6cd80001bf1d7b,1.1,wf8b1b89
5eda58dd1d5f72085bb85d9b,0.88,wa23fc14
5fbcc84df3d0d218861ac8af,1.01,w6d241f5
5cf308da81ea050017a6151e,0.96,w5e46eed
5d27cc28c22768001a66cd94,0.84,w3bce2f8
5bd44384f656800001b6eae1,0.75,w5a1c6a3
5efba90ef81cbe13a3d7df40,0.91,wcc1f8b5
5fc686297a22da0524cc09dd,1.18,wea79123
5e6548f0ec868d2cbe40ada2,0.75,w3c68511
5f8df8208f674f1978046114,0.95,wd45c312
5e3f4c676d06fc1b240e6021,0.82,w31235ca
5df12c0145751d000ee2c33d,0.99,wddf52ae
5e651872b607bc2964022324,1.05,w0ada0ff
5f70dc214d5f9b6e4a11ee48,1.09,w0f455f2
5e1a5f747e18272d7de19f6c,1.15,w7e21139
5e99e3eaf88ad2058ac59615,1.16,wd8d1a5f
5ec81134ac7d6b2b9ac51453,0.72,w7b01e46
5dee72917309b950e5262f3a,1.11,wff3f640
5f937bea3db2b6165d46f265,0.96,w1bbab9e
5fd67a08bc5c8c5964f5d23b,1.1,w244331a
5a790a908fe2dc0001058b37,1.09,w4cdeb89
5f496b791798ec4d6340620d,0.95,wd66a71c
5d4c7d1a2a25e5000114cf3b,1.16,wd8ef4ed
5e164e81502213c397f0cf39,0.6,w1e76c70
5f7ba173b2c82517fe6bf2a1,0.86,w4ed2a39
5f8dedc3c2145018633e34d5,0.52,w7907ba6
5de83f3b3aa615000a41f831,1.05,wd13fd17
5dd344dfe426bd35cbc374ea,0.86,wced2e78
5eefcc4bf64ab12846a5e671,0.7,wcc26c89
5f4330176b31f21a42eaefe1,0.93,w5e9ab10
5ac6cc039534ba0001c75642,0.66,w3180e9a
5cae289c2cbd06001327c0a3,1.26,wd478745
5fcfee5548968a1b76d6efdd,0.66,w6fdcf65
5fab1c844cd0385d750d9220,0.89,w90fa858
5fc452e130dfe73d23ee876b,1.16,w8bd10ce
5fd4c107b99c7b058c754519,0.92,w67611af
559b1e92fdf99b426abb6227,0.76,wa8c3a62
5e53eb33ef87a902f39b1b77,1.15,w390784f
5e53950380aa2c3958b44923,1.0,w716694c
5faae979c3611f513aa79b31,1.03,wac4b2bc
5eb9fa8b1d81a6139398fd6b,1.23,w7b68c11
5eabb7264a9aaa19fc5c6ed6,1.02,w5fa2c4c
5ecb09cc5bb88d670255817a,1.09,we9b9c2d
5f20958e8fd66c3a46f2a8ed,0.84,w10c1edc
5e4d8a034884361e1aeaca28,0.68,w6c5f69b
5efb8a4baf04a911013d1325,1.05,wca2d391
5fbd96ed8dc3501c6bdd2f47,1.08,wfe193bf
5ec57e4469604457d8949aaf,1.16,w241a2f0
54e32a60fdf99b3eae9de85b,0.86,wd142415
5f6b8e62f02f290b4485e3ac,0.26,w24e6a96
5f273f8ba9a38c44acd49ffe,0.58,wb9369c7
5ed2f70cae98302901c31d4f,0.81,w1e4f71b
5fd1ce381609e21cfb29751e,1.02,w047bc0a
56e225c2ec0fdd000641e72d,0.91,wb5333a2
5f283c03a04a3b0ec99597b4,1.12,w2f28149
5b9ee842d2887a00014fe1df,0.64,w418090f
5fb6cac8c9c74d0165b70934,0.8,w7e67061
55f63fc432af740012171ef6,1.1,w63f8333
5cd85ef210887400012db8dc,1.07,w38a2a9b
5acb7b0ae1099600016acdd6,0.69,wc5fb762
5e9df26707933e1720927fee,0.91,wa1598cc
5fd4d08021ce43067dbc7bba,1.13,w08019c8
5e3d8d90de328d044e7c6ffb,0.94,w4f0d5de
5fd23ecda6599f06a53f4f62,0.58,w02127c3
5f864f232c819c1ad1486d7b,1.02,w25b0509
5b9217c162766e00012bb9c6,0.51,w2e69ef4
5f6b87eaa0ac5f097fc2f902,1.26,w38fd09e
5f50d630390521264e606772,0.77,wce679db
5f5939f006360f1639edb770,1.05,w9e2f290
5e6d117d1c06860009abf9c9,0.95,w9444f86
5fbda708e368851d517637de,0.57,w8af14d1
5e84765c7206730182a6f738,1.23,w51c08ad
5fbfb86436a5de31c546f37b,0.94,w4f1ff48
5d09019cea972100014093b5,0.67,w5e4f58d
5d461ca8597d3a001694dd9f,0.97,wf32c38a
5f64b0f21da5c4000a494ad2,0.67,wf492ffd
5a063c2d844c7a00015e477d,0.85,wd9c7477
5ef10fcd68a53e4a87ff6e01,1.21,wb95d72f
5ed2fa0793788128b41df2cd,0.93,wf7c3695
5e8e7167572c651246e08a7b,0.84,w13a7837
5f973520373a810d4f46d49c,1.08,w563a897
5b87ef985548a50001e57650,1.28,wb746423
5ce9c6df6b2b3d001a94b24f,0.78,w1467077
5f4c86be4598118a06c149da,1.04,wbcf4885
5bf3761862e1bc0001f15cb2,0.92,w63067b9
5ac560359534ba0001c74715,1.03,wb800eb3
5fa62963d5f64b209953d321,0.88,w3591a2b
5db7bd876c5fc8000adcc2ba,0.95,w0c5ce95
5dbde069baf28d309690b407,0.7,w7a82ef6
5a7f79f48fe2dc000105cbb4,0.74,wab86789
5dc38f975e2a772a1d051c97,0.9,w0d98bea
5b9fe9879624180001134e44,0.96,w6b3e3d2
5f8f47a3aa730f19081fe0ac,1.28,wf34352e
5da49efa203c590013533d84,1.09,w0e143ce
5b2fb4b86d601d0001d5d7ff,1.11,w598be6b
5f853ef44fd0ec22252d379f,0.93,w19e1e35
5e88a95fe2eb06528a91ddf0,1.08,w63bb5dc
5ec34daa8236521a70e0a4d7,0.99,w5417aa2
5fd4ba78cbd24803bbc56bae,1.04,w1c875d6
5ee3ac368e523a05ad561ae5,0.82,w44e7d0b
5f9377e99a686015cf9d054b,0.6,w1f2be3f
5d30cabd5124970019cb706c,1.03,w3edf531
5e0d08e94f849e4a8cba7acd,1.1,w6782592
55a28851fdf99b602e6b05dd,0.74,wa6a83f9
5ee93ab8a93d8b15baf72fc5,0.98,w0aacf67
5a6ab0fbab58b500015f29db,1.08,wacb1174
5fa3106d0e025d5c18e5f786,1.15,w8e0fc4b
5f8a250e51fa6a0d86c385d3,1.03,w6e5b8e2
5fb61842a21fd106ed839fb5,0.78,w45df002
5fc1b7532001ea1d65ec7067,0.84,w005c65b
5ec891eb8473f035d804eca2,0.91,w8a1429c
5b4cc901d85aff0001c0b23a,0.6,w8df5cec
575a0b3033577a00060af29a,0.8,w1623f52
5e9a84af150a8012575e4784,1.14,web22bed
5fbc036099f6c9050e664b2e,1.22,weade508
5e1974bcdb54d72191658210,0.95,w578df34
5a9262251eda410001360b2c,0.83,we001450
5f396bc1a1a8740c2e13eb54,0.78,w742e369
5f078d0cca3c8f3b8182de01,0.98,w2a88215
5e6033dbfb4665381e27f2fc,0.71,w67e3956
5f5171f781da7d3c0aa7024b,1.16,wba9cbda
5fac996c2cd1ad2b50292dcf,0.91,wc5ebcc2
5d74001d391b6600175f433b,0.98,we91f00b
5d82d28977546f00166ae702,1.02,w8196558
5f49806859401418f7ec6764,1.04,w38a35e6
5f8cbc5c355ea745e6cef2ca,0.71,w4e4e031
5efbdfe2d66b1418c2ba858a,0.9,wfd92efe
5f40442792000717762de583,0.69,w4a506ad
558a327cfdf99b2d75651681,1.05,w581c72f
5e0ad04c2e472534c6b6e2c7,1.03,w42dcf43
5f77c5a55c903834cd9cfee6,0.88,wf7d36e4
5798be2b913c710001976173,1.07,w4e8dc82
5b1946322767e20001e4e23d,0.89,wad12508
5f7357ed17b7c1054311b85b,0.87,w2a65b30
5ec4465c16290213a8e30fd5,0.8,w18c9a5d
59e7d3f97f3d71000171def0,0.87,w61549b6
5dcebaffed3649000c2a5d05,0.73,w1eba917
5f7110e37f496b742be4a4c4,1.02,w89b240a
5f5134ae05affe3321461176,1.11,wdeceae3
5f57f83a24d109346c1b797c,0.95,w05be4a2
5d4916dd20a7c00016ab9d19,1.29,w638124b
5bc9f8b677740000016a08b5,1.08,w13fe0fa
5f218f86a3a5b05784d9d371,0.99,w6f5c4d1
56acecac7b406d000c6fc7cc,1.0,we0b4002
5ae508747edeb000014a7a72,0.69,w2c38872
5f72b9757aee042042a0414d,1.12,w7f70443
5fd59cad6aaffe415ee3d81f,0.81,we4e49af
5eadf3b39c169a4a5a017f76,0.92,w96c2daa
5dd35813794e103649612ffd,1.03,w3ecfc1d
5e9128974d246b4532f248ff,0.99,wf10ae5b
5c745818d60d380001413364,0.94,w6783411
5a87bd4aaa46dd00016bb9a8,0.79,wf767e87
5a6d3a19e6cc4a0001b6c47a,0.71,w7a9c3a6
5eeada3c34488d20ae2dea4f,1.04,w91a09ec
5fb7c9683359973a5ebb4076,0.79,wd54617d
5fcb9875a39e5e9146cbd885,0.89,w43c8e5a
5e064785e297d502d4f2b15f,1.14,w427867e
5ab6cbbbf69e940001d8e446,0.92,w597477b
5fc29e457497e203c3af6bb9,0.92,w923ed03
5c919cb12535970001cdc2ed,1.24,w1bf6e03
5f223e717f613f4c8448e4b9,0.97,wfa02d56
5edaf0ef9a8d50741f105e74,1.06,wef75667
546f8a9cfdf99b4a593414ea,1.01,w5f300a2
575865ba7b74a80006de2689,1.05,w0599323
54af2a48fdf99b09c01b3801,0.7,wd35b1ca
5fd06a99bb551f0ec1e70c66,0.7,wb6ee90d
5f010c85e0d2de25f30e3d36,1.13,w9549d88
5c003b5c2c8cc1000138e25f,0.83,w3b8a185
5f6bc8e8a9a9b4134c8719b4,0.88,w5a5f27a
5c7010404a99c6000139851e,1.25,wb4cf77e
5f4eb2627e587d0eb6e89ba3,1.01,w1b54b68
5f5af88c789384208aa29a79,1.06,w20ce488
5836a91ddf1e130001e1db2b,0.76,w7298c00
5eb24b26f30ede1a6ae46c14,0.8,w96d9943
5e42f74f5b772a18434cabf7,0.46,wa4db176
5fc435c0f8b6b9848709564c,0.88,w107ee46
5eaba4a0bc118a184ac2cd2e,1.12,w4d6e2db
5ef126bee70cea72667763f4,0.67,wa58eb93
5bf8898f6669ae000122e9ad,1.13,w1d83e5c
5ce83f6ffdd26c00193b9611,0.9,w635f5dd
5c6b3678ec453a00014d6c1d,0.86,wcff7f06
5ca24832cc13cf0017659a7a,1.08,w03aeac6
5f84b73cacbad116a0af90a3,0.8,wed805be
5ec56cdeb4fbc35443d90d0f,1.05,w83f6742
5f97f6c90133ea030241e683,1.18,w1008926
5f558a3862314215c2fc941c,0.9,wa1b608e
5ef39889a60ba311a96059ed,1.12,wddb521b
54da5f86fdf99b2fd5109e20,0.8,w658f55a
5f57ff631f25ca34fb599ff1,1.09,wf30c509
5f95c862155da145fc1a1c09,0.89,w0f7e4ec
592533a116210d0001737634,1.27,w54700f5
5fb53e24d85d0803d810b43a,1.22,w4d04462
53987712fdf99b68e3a45021,1.2,w7c9fb3a
5b0967ff1c95000001fcb6ce,1.0,w7b387a9
59d5c894c732930001d88b5e,0.93,w3be594b
5a5479b4ac56240001537ffa,0.85,w84cda00
5fa9fffcf843322ce7456283,0.88,w2c542a2
5bcd41904f22df00010f5a84,1.12,wb5a3b12
5d337586669d96001cbbb059,0.69,we839cf8
5d1bec8c25b3fc0001a754f9,1.15,wc666666
5f93274d33ea7a0d0bee3fd4,0.8,wf27b89e
5bef830d1e78580001dc03f6,0.27,w9485703
5be3989761cdce000108f427,0.85,w44cb547
5f48c980d8963d38bc9e91b1,0.6,we3a761a
56ec151f388e1d000a5924d0,0.8,w743f260
5dc1cd625fd2031344dfe43d,1.02,w22249b1
5f6bdc5e39fd521607a35f4c,1.0,w91e57b7
5ee94f66395da52f305b3ca7,1.02,wed6cf9a
5edfd3858bc1712e249b053d,1.02,wc58341b
5f0550bf5819b18476ee8343,0.97,wb5f5241
5eee3a583a975d29fd3e6f38,0.79,w178a25d
5f4ed006fd417211e99cf4d5,1.07,wf0e389b
5f4ee7650959f913daa64815,1.0,w8b9cb79
5f4dc0201d9c46aa7036b37e,0.96,wed8fcda
5f4ab0a4fd49ef666487f1b2,0.84,w924b2e4
59f224ce40333e00017edfe8,0.81,w8b943bb
5f041a00b826ab65b7f47720,0.72,w351cb88
5f64eae5b7a40c01b8d7d245,1.24,w97c0071
5d50e977b0386d00013e105c,1.11,wc12512d
5de82c263aa2777a36b996b2,0.9,w7b979dc
5f6e3dc9850e4935c0fff202,0.88,wab1fbce
5e84b44457bdfd04dcd8c984,0.84,wb10fc91
5eed1bae9e63ac127ac15a77,1.05,w0fcde04
5eecf1bd4c5f9a0e22b7485b,0.97,w8043f2f
5f23a85df0b93d1917f564a2,0.59,we6b5086
577f70d1454e5400015f1845,0.93,w6d58a27
5fc17f2faa1512228f0ae502,1.13,w5008cde
5c11f8202b16ba0001c8b764,1.06,w6e9adc2
5f84cfd51878711918196fb8,0.85,w34a78f8
5f8a144c0c41e30b8cda4a73,1.04,we8f5a85
5fb985273b6dfc8444882139,1.12,w33d6c17
5ea434a104834a3d5ab8b0b7,1.24,wfb9b2ec
5f90ddd4da08ae1fc04e4cc9,1.07,wad5e33d
5f430c46a5518f171572f8d1,1.05,w40cf480
5d5f6ae24d55db0016ed463c,0.76,w618258d
5da680f7ee8df5001283f393,1.02,w07c1de1
5f7b4114e24fb30aa22d6b47,1.1,w4705b25
5f5ecacc31647079c6165919,0.98,wad28284
5f4d60a25a01eea061adc3ef,1.41,wf1769cd
5e1c138a2bf9514062e4de6b,0.94,wa0fff9c
5e9cf75b0e7d2121cd33e1fd,0.79,wb784b75
5dc59aea37023940a0860dea,0.89,w99144a2
5fc6df58f380620a09116434,1.02,we0c2236
5e79aa4d3dacaa56b56b4500,0.54,we63d2f3
546ec14dfdf99b2bc7ebd032,1.26,w435cc1b
5f6bfd0ace33e017d8a03ca8,0.89,w360709a
5fc410b5f596824c2c1a4c3a,1.11,wa699fb0
5aea9bcf5822e100014abc54,0.97,wb00dd95
5deaf334789cb321c7f002c2,1.02,w824b24e
5c6d04805cd55f0001129c26,1.17,w63eea85
5cec2163d439ae0016596611,1.19,wbfc3f3e
5f53927e3a8bb66b0f07d471,0.71,w4d468c2
5f139e2aafd70a3b49e7ca23,0.87,w60038ad
5ed50d3e6b9db6058102efaf,0.81,wf96257c
5ef74c949e879646313b24e9,0.84,web9f3a7
55ca229afdf99b3466605951,1.06,w3242e19
5d118de2c80b57001721f93e,0.82,w880a528
5f512c1e9fc9f031901410ac,0.93,w90a7ce2
5a4c162ed5b53b0001f822d3,0.99,w98e833f
5f68cb292206110444d6f70f,0.89,wc8b6a27
5f43ef4041bb5f11a27aa07e,1.02,w1a742df
5a32cc2f5f16800001c6ded8,0.95,wd8ef590
5fd2fd36420ed81248311508,0.64,wa65659c
5e5731e3e1e8b90e25c1f3a2,0.87,w9100bb6
5fa88254173a2673d4b3556a,1.07,wf9bd1ac
5c2591ff306f5a0001a98ce9,0.89,w1446137
5dd37d08c6588f38120fb465,0.74,w8d6be9e
5fc33016c37dd85e79c28aa5,0.93,waef9f3c
5ea526839ad11e4faa8e3318,0.91,w6180163
5c3a518e0b5bb30001033afd,1.02,w7ac9c3a
5ec1c41a1f98090e8c119332,1.14,w5256a8c
5f4fed1e7fc3a51272b51312,1.14,w9831606
5dd3efcb1b28c03d25e4cfaf,0.74,w5c35a2e
5f93e63ba8af9e1c8335cfb2,0.84,w61e090a
5fd43b26c9868a1b2a67bd41,1.0,w3985653
5f4966420471864c5533666f,1.26,w8b70648
5e89550b220e2f5f277597f0,1.08,w3c06eec
5f2db71d8107210d51d6a0a7,1.14,w4573a27
5f36e03df4364012ea979f16,0.82,wb54ba76
5c739547a4414500012e164d,0.76,wb47fc7d
5fc287b6d6d546450b2d149e,0.71,w88f038f
5f40a94bf6a9ae1fbb69f6f3,0.83,w2d6a5f7
5fbe5fb799a44b38cccc6929,1.17,w5a3ba7d
5f7f7161a07a9e111595d023,1.07,w9a70747
5eac5c5f36ec6b29ebe524d5,1.32,w8d09778
5c105aa011fe9a00013cd27b,0.92,w9efdde8
5f52347f0e44f308987ba44b,1.06,wdf2a1bd
5e7c021e2b00612482e357fc,1.07,w5e76c77
5fb327660f80c1a4d39fada2,1.08,w536843c
5f8f52227dcc591ac0f921e3,0.97,w671b505
5fd0d768b17449016f76f9f9,1.06,w31fe9f8
5f593f9f05e96b1740504a94,0.99,w62de08d
599eaf0fbfd73c00010ea24e,0.94,w510cda1
5fd2d540c23ce80ffe5a2ec4,0.9,wac0bc1f
5f9fb315ae6f085ff96c0cac,0.96,w1727f34
5c3d49f6486a390001e87d8e,0.98,wa986f14
5f15dc270a46a66f60691e4a,0.95,w16250fb
5b40ff8b3d066d0001609b63,1.06,w9ab00bd
5f4939a0e974b144acdaa0ba,0.8,w9a24c2b
5e520fe5fe2087237b1b8cd1,0.93,w91834f4
55b508f4fdf99b1c26c21c69,0.88,w32070eb
5a0d9553fe645f0001e9f852,0.92,wb66f967
5efbd29efa42a718ebf2dcc6,0.75,w4b348c6
5fb4ba1f010deb2397098996,0.98,w2573e8f
5ef4d8943b02ed0e1b056a90,0.82,we496a70
5f923ef2fed5d0165fea5f35,0.87,weff26bf
5dcecfd4fce60601b34dd095,0.86,w8c6df99
5bf44e609a50810001a69f89,1.01,wef1a950
5f4da28cb7e32703261c4978,0.94,wb6b04d6
5fd1357138899d0ca2437b3c,1.02,w30418a9
5fd4814a3f26f11eb67b686c,1.04,w646ab37
5d17ce93ac37cd0019535088,0.86,w8ca7af5
5e8ce1a772724409e8ec0404,1.25,w8c1bca1
5f31575ea1285460d5fa56d7,1.1,w4f950ef
5c6071a1e1df700001ca8bf1,0.93,w2ea0570
5f5b8fb75b1a182eed13e980,1.08,w74ac990
59a07638bfd73c00010ea394,0.9,wc4cb9dd
5ed316d9b49d482acbf8ce29,0.95,w6dfd040
5ee096d3470fa70115a7aa83,0.99,w2dda313
5fb142fa3d818059f4cd5497,0.96,w2c356f7
5f5108ff8ba7012cb2446667,1.21,w2639f30
568e7f66e3ef9e000ba1a089,0.59,w64a78fe
5e3b759740e302397f294a2d,1.29,wa239a0a
5f18e7bb33bfe6119eb7e146,0.87,wb8883e5
5e53f169e6ef3b3f14d0c0f9,0.92,w2c39e9f
5c0039c2f3d17a00014480a5,1.04,w993d37a
5fd1925dd89e4719bc4cb172,1.06,wa9d2189
5ba42e0e53e484000187837f,1.07,w01f61c7
58a43e029a17120001d910d5,0.93,w0e9c16a
5c5e2da13035a60001df1f28,0.77,w5eb0b8b
597fe89a1b41a20001749f57,0.74,w8821d52
5f3efb6c3dab6a1de7bb0c9e,0.9,w0ddf7df
5c6319a0b73d590001ae789d,1.05,wfaf34dd
5fa199449675d12c9107b0d7,0.9,we82b746
5f09dc236c0c092729a73d9b,1.24,w5c211bd
5ab8263de1546900019b6dfd,1.06,w5dab258
5f7654f879a4420e6d20971b,0.65,w884da93
5c054e8a553fb800011917d7,1.01,wa1865f9
5df63faaa98a7a45159a9bba,0.99,waa75e26
5e69694e12215e22b44a7bc9,0.99,wb39f5be
5e519acc1aad0a000aee06b7,0.8,wb0cef6d
5ed92a47585c150e2dc44740,0.97,we1e3e44
5c1c157f77936700018284b7,0.9,wbbeb9f9
5d3cfeabbaf11000151ed4cd,0.96,w0ef1c41
5dc0ac2c441a2105cbb3bb0f,1.28,w43b5da5
5e9573bb9142813e46124755,1.14,w3bae4c4
5faeb59ff1937b000ac1c840,0.93,w5830b6d
599be3660ed7ae0001991db9,1.41,w98bb046
5fbe4f2dce403635c2a95e85,0.83,w5aecb5a
5f589f7bce1c040113809f12,0.98,w5eb2e2f
5ef0fef359642a0b58ba5c0d,0.94,w07248f3
5e742af79064483aedad296c,1.06,wcaef69f
59dc458f77860e000151240e,1.15,wb7fe29b
5e426dbfbc27ad10220a4cb3,0.82,wacd15f1
5f91eeb62238d00e10d63e22,1.03,w6f81791
5ee0dbc4b229c1091c2fa9b5,1.0,w64977a0
5f07dba182caac000c48bc84,1.05,wc1cfbf7
5eb17f08f6e7c307eb99095d,1.32,wee431a0
5e9a600390f4ad0f0f200993,1.07,wdcf14be
5fb7dd473afbb1033b491811,0.94,w3068481
5dfd077e3690bd03bfa91d48,0.86,wbff59d7
5eb080ccaf87d11143472477,1.21,w6b3d941
5f447effce2acb7bc4597091,0.86,w77843bb
5ee2a071402f7d7bcd0b26c1,0.92,wc91c9ac
5d7fb79ff44487001807463e,1.22,w9261324
5ee68971dde4ef4056079287,0.97,w36283ee
5f189e1cf5d34e09bdf7c519,1.03,wa7c26cb
5fcac62f81b544773a597764,0.93,w2feea94
58b37d00731c3f0001d27748,1.03,w66efa51
5e0f443e8205266652153f5e,0.86,w18085d0
5e03acb6398bb6e8d98855b6,0.82,wb0560ab
5dcfe5ec41fb3f0de0080f1a,0.93,w948a16a
5faedfe2f1bb8b0b718ad9ca,0.9,we35a42f
5f13863cc6197238777ba81e,1.1,wea6735c
5e3f3ebc0fa771000bd26166,1.11,w9d27259
5e59abf6a2f2c51b5edabbf1,0.79,w0c13ccc
5f63a8420140320cdd344fd4,1.01,w471fb31
5fac46b34c1b5a1dbfa8fef4,1.03,w602572f
5e0e60798205265be682850e,0.91,wc138e44
5fb60dc22d9b6823eecb367f,1.0,w442358a
580cab86b869700001d71628,0.81,w5f90050
5ec20598203e9e2e8a2855e0,0.93,w8f26b26
5dd406d9c23e0d3e6dacc034,0.76,w3880591
5bea65135b7ff700013c946c,0.6,wc77a1ad
5fc43238cc6b72502918fa5d,0.94,wf4e1d68
5f32b624402891027060806f,0.62,w4f5e9e5
5f75fe812fefba02d15300c4,0.56,wd3b5c7a
5e7a2ccd69a7770604dfb352,0.82,wd177638
5e8fb507875fbb2b8468478a,1.03,w1a1c376
5fa86899f519ba6f291dbf41,1.16,w0fc31e3
5765705e26ed5300019ff9da,1.01,wc82c8fa
5e87a13114e2970ed66ee8ca,1.0,wb05dfaa
5fd373dcbd2d9103edf887de,1.05,w8099a92
5d5f07cdca10e90016bc0103,1.02,w32d7ade
5f5fb835b26e53056263731c,0.81,wb0ae1ef
5f988680c02c6917738be670,1.03,w51c729f
57587b29713d8400061730e4,1.27,w039c054
5f567a4e1674e50a419dedf3,0.97,w90ca95a
5eb2bffa2f51de04d4f35219,0.98,w568222c
56d0f57421cd29000a9737e4,0.61,wfebec41
5fa73d44bd817348afe7eb08,1.02,w98a146b
5fbd0f4015fdd301dfdde10a,1.03,wbd7d52d
5c57631a47a04100010da795,0.82,w0db487e
5f7d026c6fd2421d2dc1af04,1.1,w5ad7129
5c801cd6aaf2af0016478e6f,1.01,wa5e9497
5ecbe5e254cc883c02f52be8,1.12,wc2ded2d
5beb733faec9ef0001e9d37e,0.91,wa31444e
5d9b421e1d339402edeb4866,1.32,w3f57ccf
5a6f1ccade1f390001dbd8b7,1.19,wce48bea
5f35646c73508a4ff52b4ea3,0.71,w7f042c8
5fb622c32d9aa826f3524f02,1.06,w966c907
5ee6706034f12e3d82d952aa,1.15,w291626f
5ea89d0c5a0a9c12978f8263,0.99,w77acd6d
5dae46a3a075d100131fc4e3,1.18,wc5829b4
5f4f1795c7230316afc2b88a,1.02,w872697e
558852b6fdf99b4020ba0ad5,0.96,w7433a3f
5f0df709c887690e5bede0ec,1.08,wec5e225
5ebb96b6cd673a0008ace9ce,1.18,w2850fb2
5caa4435fd086000196ddf13,1.2,waa9aa73
599de70d8a6cc5000128f980,0.92,w3f4ef8c
5b476e05f2c50b0001a70e60,1.08,w7105bab
5e542a0c4b7e8c42fafa7216,0.81,w8510e84
5f4a68e4d8963d5e469541f1,1.04,wcb3b35f
5f79e584f6444f602a5a1ea9,1.33,w654ca1b
5d744308869c8f0019b35910,0.93,wf38dca1
5f0623423153881574a46544,0.35,wdadef4c
5f920aa80a785011ef6906e3,0.75,w44e030a
5f8ce481a3ad5c49845ce638,1.16,w061e07f
5e93f4e38099ec730377b072,1.08,w5424ba6
5f682625a9267546e034c32b,0.79,w3c95953
5e2897fd0351e803a40629a5,0.87,w435e853
5c3fb71b36052e00016bb1a6,0.82,w7877e78
5f80bc44efa2c013099af460,1.02,wb41404e
5f3ac1732efa0a74f975b1a8,1.18,w9414e42
5f4ee7ff2c5da213f015a27e,1.16,w7a52ee1
5aed38ae8db5b00001adaca6,1.09,w8e2a4dd
5f2502c10858c4143fafa023,0.98,w032f615
5c675fad8f100a000107e249,0.8,w53dbc0e
5e9c71729aff220278b4b044,0.79,wbabd4da
5f1210be188dff1298984ce0,0.56,wa62cb8e
5e217a34e8ff3a469b5dfebc,1.1,w7b15aa2
5f4d1708e4aa390b8063c42d,0.88,waaa1fa2
5e9f877ee0b0960f3d2b6d30,0.91,we4cefe4
5c095f832570ea0001642474,1.0,w43201ca
5bf55a643a426e00019e3990,0.62,wb865b6f
588e3172bc9f190001487eb8,0.87,w988391c
5ba2877a7590cc0001b50d0f,1.19,wb106c33
578673a9275be6000135880e,1.11,w755d1e9
5e9e19d808b9931ef37373c6,0.89,w01648da
5d3758292faa0d0016797c0f,0.85,w4494b41
5f4d07b4fae27694de8f5af1,0.89,w810b8fe
5ec47b2d91b37736ce88f3d6,0.9,waaf59b3
5dd4189ef30aa640b4e9c094,1.08,waaa7547
