wid,worker_id
we404de8,5ee7dd7349c24c0c91844d36
w66b2542,566c9284d408ea000519c6d7
wb4e449a,5a97668bdbdb470001eec921
wbe3ee2f,5f7cb019e7a5721198b668a0
w49a4ecc,5c525573f3001c000124e4cb
wa63c247,5dea9851f87f551c0989c256
w494e951,56d0901c197fb1000b2348ee
wa7223c9,5d9a09095223b6001809f1c9
wa86155a,5e1ccb298f3c65054bd232c1
w445c486,5f2949fdd9d4cf00083d7130
wc3d7f02,5dc4e8c79be08f38e4bd7f8f
w456af31, 5f0e52aa66ece519e2831c7c
we4ca367,5f4d481dd1c4919db809ed25
w6178ba1,5efcaaee74e56207d16db007
w47d0970,5de847efd0e07e7b5f97ef76
wd6c841c,589a46af57995d0001a8a03a
wec68ec3,56f542877e3935000ce43685
w5a75905,5c2fd75fbd6d720001c62961
wd656ff6,5cc70e0861e0b90001c54b87
w34122c9,5e415a5f9dd805382f0b6af9
w779cc78,5f63a30a09bd340c84c6688d
w100388f,5f76994a3a2dd3140abbc65f
w9fb75c7,5f1f0be06ecfbc0879471f36
webc188d,5b2193ae3db9110001eb49a3
w7ed72a3,5f19a4dd687e1c000aedced9
w562f406,5eef833534d5fc0effec542e
w80d4e65,5ecf04e411e0571634d0c5f3
w1dcfaef,5f63a5459301b60c5597dfd1
w85af139,5b0b5e55e9270900013ba569
web8ffb5,5be8a1701664db0001d804f8
wb91524e,55d242825bc5bc0012d90383
wc5e4d33,55884984fdf99b4021921e67
wda8a823,5cabd5cacc54e70001094d05
w9276193,5f4d72af0a92c2a3fcdd729e
w92f2ebc,5f3810bc8049e40ad7b6909a
w26c2c7b,574128a9a0a4b20011b02fda
wd68ac06,5c4be2759233b80001b2ed8a
wf2183c0,5acc1c3f436f550001002f9b
w149de27,5ad6d2543660ef00019b8ce9
w91c085c,56f29effed0cf60006911528
w98f1b0c,56e32190e414dc000c8b40ae
w6be0811,5f54ea2b29e3ce879f250504
w303e045,5f7cac5836bfca11a41e047e
wc1e07f0,5dd36d5259b1b03707103b36
w38cc0d1,5d88f2f8cefb52001a83f1b2
w262270e,5e4c21f770e1ed0849f9a7d0
w9b5821f,5f32dcb6400eee0875d2e813
wb06c29c,5826810e8cba990001adf0b0
wd43d838,5f4bb8e390266306e52d47bc
w674b109,5f7c8bc3cfe7430cab08f285
w00873a8,55c65b6cfdf99b537b7f9dc7
wf766f9e,5c40e7d99d27f00001159a65
wc3146ce,5f7cdf817faf1c17fceed98a
w995b876,5c10333e09e7c20001f1ee60
wb072c6a,5f0df1f8e699650cefc39464
w45d9d3d,5c910c77873e3b001575b95b
wec30174,5f2dafb57ef56d0c6420bd98
w3f48398,5b16c598d81c880001187bc1
w18740cf,5d4c78071b920f00198e8533
w0cdbe34,5bf86a676af57800010cc71c
wae6588d,debug71YgT
w4e3fba9,5e5d824268168509ca89806f
w322a67f,5ced2e280b20970017acee91
wa93d8e1,5f4eb642ce413e0ecc88e227
w41dfe98,57ac9e210493620001d3a277
w3353e38,5eaa6339b2e5311e8e020396
w14755fd,5f60d1dbfc02e3049c1ec760
w5f37dee,558833f7fdf99b3a56b47f38
wf4867a3,5f6ad2f3f25c161a5d50f8df
w66a7dde,5f76121ac0c40e0564245b70
w31b8dfe,5d1ccc7c7e747d0016183e65
wdb72bf5,5f345b441676901c1c1d203a
w15919cb,56021163e372c00011bd426d
wed564b7,5dea9b4a35575a1c1c362ae6
w81e01f7,5f0e52aa66ece519e2831c7c
w214beb3,5e39872941345d19db4d3e20
w508093e,5f315ad66fa12562604a28a1
w40735d7,5cc0b8168d25ab001796b8fe
w1c95d79,5c27b2157e42a600015bf8ef
w6658eb1,5aa485b11eda41000136c94b
wffe6e63,5c378798bef9a20001e3a01a
w14aa0fc,5ba061980611410001075732
w9fe461d,5f1ca7c9d3db3c11895ba1fa
w12a699a,5f36a9175365a50a5b420484
we5c6276,5ed07b035d44fa1539f0c3e4
wb48b3ac,5ea9d795dec14d13eb7af3d9
wcee1350,5f3473b0edba9239de777f84
wf42ef20, 5d88f2f8cefb52001a83f1b2
